<?xml version="1.0" encoding="UTF-8"?>
<!-- parametri_configurazione_quizpatente.xml -->
<ParametriConfigurazione>
    <indirizzoIPClient>localhost</indirizzoIPClient>
    <indirizzoIPServerLog>localhost</indirizzoIPServerLog>
    <portaServerLog>4242</portaServerLog>
    <indirizzoIPDatabase>localhost</indirizzoIPDatabase>
    <portaDatabase>3306</portaDatabase>
    <usernameDatabase>root</usernameDatabase>
    <passwordDatabase></passwordDatabase>
    <fontCaratteri>Helvetica</fontCaratteri>
    <coloreSfondoBoxDomande>#FFFFFF</coloreSfondoBoxDomande>
    <numeroRigheTabella>3</numeroRigheTabella>
</ParametriConfigurazione>